<xml xmlns="https://developers.google.com/blockly/xml" id="toolbox" style="display: none">
  <category name="IR" colour="#5CA4FB" icon="wifi">
    <block type="xbot_ir_recv" />
    <block type="xbot_ir_code" />
    <block type="xbot_ir_raw_code" />
    <block type="xbot_ir_clear" />
    <block type="xbot_ir_send" >
      <value name="number">
        <shadow type="math_number">
          <field name="NUM">0</field>
        </shadow>
      </value>
    </block>
    <block type="xbot_ir_send_address" >
      <value name="address">
        <shadow type="math_number">
          <field name="NUM">0</field>
        </shadow>
      </value>
      <value name="number">
        <shadow type="math_number">
          <field name="NUM">0</field>
        </shadow>
      </value>
    </block>
  </category>
</xml>
